id,category_name,image_url
1,rhea,https://media.tenor.com/Bpp7yYSN_loAAAAC/rhea-ripley-wwe.gif
2,rhea,https://media.tenor.com/wX33esfDxJwAAAAd/rhea-ripley-ripley.gif
3,rhea,https://media.tenor.com/0yfby3ZbED0AAAAd/rhea-ripley-wwe.gif
4,rhea,https://media.discordapp.net/attachments/1017431996894556181/1039241545896972351/Tumblr_l_2657205030846407.gif
5,rhea,https://64.media.tumblr.com/c8bd64b7bc7b1f6fa82e4328704623d3/204cd08ac5f762dc-0d/s540x810/0ff660a4fbac7c8106d1b27cec41e77a3abb37da.gif
6,rhea,https://media.tenor.com/QVxuB9T8ad8AAAAd/rhea-ripley-rhea.gif
7,rhea,https://media.tenor.com/LkvIU4M4DSQAAAAC/rhea-ripley-demi-bennett.gif
8,rhea,https://media.tenor.com/lBrkpdlccjYAAAAC/rhea-ripley-rhea-hpw.gif
9,rhea,https://media.tenor.com/czkXY6hiSxoAAAAd/rhea-ripley.gif
10,rhea,https://media.tenor.com/anIs9lmpobAAAAAd/rhea-ripley-smile.gif
11,rhea,https://media.tenor.com/wX33esfDxJwAAAAC/rhea-ripley-ripley.gif
12,alba_fyre,https://cdn.discordapp.com/attachments/1042563646309552199/1070067228701098316/Tumblr_l_85619616110149.gif
13,alba_fyre,https://cdn.discordapp.com/attachments/1042563646309552199/1070067228067774474/Tumblr_l_85512566894044.gif
14,alba_fyre,https://cdn.discordapp.com/attachments/1042563646309552199/1070067227585413242/Tumblr_l_85511041967274.gif
15,seth_rollins,https://cdn.discordapp.com/attachments/1042563646309552199/1070052793190203442/Tumblr_l_82110166530759.gif
16,drew_mcintyre,https://cdn.discordapp.com/attachments/1042563646309552199/1070052792787542016/Tumblr_l_82038114773755.gif
17,drew_mcintyre,https://cdn.discordapp.com/attachments/1042563646309552199/1070052792330371243/Tumblr_l_82015842033503.gif
18,brock_lesnar,https://cdn.discordapp.com/attachments/1042563646309552199/1070052791885766686/Tumblr_l_81954918482433.gif
19,bray_wyatt,https://cdn.discordapp.com/attachments/1042563646309552199/1070052791424389262/Tumblr_l_81742616577514.gif
20,nikki_cross,https://cdn.discordapp.com/attachments/1042563646309552199/1070052668548059207/Tumblr_l_81581193132367.gif
21,asuka,https://cdn.discordapp.com/attachments/1042563646309552199/1070052668199948368/Tumblr_l_81547681268630.gif
22,rhea,https://cdn.discordapp.com/attachments/1042563646309552199/1070052667671453836/Tumblr_l_81508579999999.gif
23,bray_wyatt,https://cdn.discordapp.com/attachments/1042563646309552199/1070052667352682526/Tumblr_l_81240263192132.gif
24,rhea,https://cdn.discordapp.com/attachments/1042563646309552199/1070052667025543218/Tumblr_l_81156527042216.gif
25,rhea,https://cdn.discordapp.com/attachments/1042563646309552199/1070052666673209435/Tumblr_l_81149350065240.gif
26,rhea,https://cdn.discordapp.com/attachments/1042563646309552199/1070052666346049626/Tumblr_l_81136827924047.gif
27,rhea,https://cdn.discordapp.com/attachments/1042563646309552199/1070052665993744584/Tumblr_l_81132297928684.gif
28,cody_rhodes,https://cdn.discordapp.com/attachments/1042563646309552199/1070052665637216296/Tumblr_l_81035535886169.gif
29,cody_rhodes,https://cdn.discordapp.com/attachments/1042563646309552199/1070052665230381098/Tumblr_l_81004791071701.gif
30,rhea,https://cdn.discordapp.com/attachments/1042563646309552199/1070046075777454110/Tumblr_l_80595909026441.gif
31,nikki_cross,https://cdn.discordapp.com/attachments/1042563646309552199/1070046075223814194/Tumblr_l_80586697022590.gif
32,nikki_cross,https://cdn.discordapp.com/attachments/1042563646309552199/1070046074783404132/Tumblr_l_80409028274637.gif
33,nikki_cross,https://cdn.discordapp.com/attachments/1042563646309552199/1070046074250735636/Tumblr_l_80387364903343.gif
34,liv_morgan,https://cdn.discordapp.com/attachments/1042563646309552199/1070044846015918171/Tumblr_l_80223703845541.gif
35,liv_morgan,https://cdn.discordapp.com/attachments/1042563646309552199/1070044845432918146/Tumblr_l_80215897066586.gif
36,liv_morgan,https://cdn.discordapp.com/attachments/1042563646309552199/1070044844682129408/Tumblr_l_80200429815654.gif
37,liv_morgan,https://cdn.discordapp.com/attachments/1042563646309552199/1070044844044591204/Tumblr_l_80175040283476.gif
38,liv_morgan,https://cdn.discordapp.com/attachments/1042563646309552199/1070044843277045790/Tumblr_l_80112120523032.gif
39,liv_morgan,https://cdn.discordapp.com/attachments/1042563646309552199/1070044842652086332/Tumblr_l_80102079102410.gif
40,liv_morgan,https://cdn.discordapp.com/attachments/1042563646309552199/1070044842018754650/Tumblr_l_80088464839447.gif
41,liv_morgan,https://cdn.discordapp.com/attachments/1042563646309552199/1070044841465098250/Tumblr_l_80003466064844.gif
42,liv_morgan,https://cdn.discordapp.com/attachments/1042563646309552199/1070044840756269108/Tumblr_l_79999034364429.gif
43,liv_morgan,https://cdn.discordapp.com/attachments/1042563646309552199/1070044840110334114/Tumblr_l_79811713377677.gif
44,asuka,https://cdn.discordapp.com/attachments/1042563646309552199/1069980810570113064/Tumblr_l_64982051031824.gif
45,asuka,https://cdn.discordapp.com/attachments/1042563646309552199/1069980810138091560/Tumblr_l_64974832289743.gif
46,asuka,https://cdn.discordapp.com/attachments/1042563646309552199/1069980809815150663/Tumblr_l_64960969978863.gif
47,asuka,https://cdn.discordapp.com/attachments/1042563646309552199/1069980809437650995/Tumblr_l_64948348569806.gif
48,asuka,https://cdn.discordapp.com/attachments/1042563646309552199/1069980734997143563/Tumblr_l_64947360582827.gif
49,asuka,https://cdn.discordapp.com/attachments/1042563646309552199/1069980734221193346/Tumblr_l_64885697967225.gif
50,asuka,https://cdn.discordapp.com/attachments/1042563646309552199/1069980733805969498/Tumblr_l_64883001720195.gif
51,asuka,https://cdn.discordapp.com/attachments/1042563646309552199/1069980733352972340/Tumblr_l_64880514381811.gif
52,asuka,https://cdn.discordapp.com/attachments/1042563646309552199/1069980732887408700/Tumblr_l_64877791468218.gif
53,asuka,https://cdn.discordapp.com/attachments/1042563646309552199/1069980732459597866/Tumblr_l_64875367131136.gif
54,asuka,https://cdn.discordapp.com/attachments/1042563646309552199/1069980732006600804/Tumblr_l_64872900632126.gif
55,asuka,https://cdn.discordapp.com/attachments/1042563646309552199/1069980731582980121/Tumblr_l_64870375761450.gif
56,asuka,https://cdn.discordapp.com/attachments/1042563646309552199/1069980731029340311/Tumblr_l_64822969774124.gif
57,rhea,https://cdn.discordapp.com/attachments/1042563646309552199/1069978109312503868/Tumblr_l_64216600798054.gif
58,rhea,https://cdn.discordapp.com/attachments/1042563646309552199/1069978108586889337/Tumblr_l_64214531008627.gif
59,asuka,https://cdn.discordapp.com/attachments/1042563646309552199/1069978072541036606/Tumblr_l_64170440284894.gif
60,liv_morgan,https://cdn.discordapp.com/attachments/1042563646309552199/1069978072088072245/Tumblr_l_64156910794587.gif
61,rhea,https://cdn.discordapp.com/attachments/1042563646309552199/1069978071605706823/Tumblr_l_64149919785214.gif
62,asuka,https://cdn.discordapp.com/attachments/1042563646309552199/1069978071127564348/Tumblr_l_64123940955953.gif
63,rhea,https://cdn.discordapp.com/attachments/1042563646309552199/1069978069655363645/Tumblr_l_64078038510450.gif
64,rhea,https://cdn.discordapp.com/attachments/1042563646309552199/1069978068787142656/Tumblr_l_64037785861143.gif
65,rhea,https://cdn.discordapp.com/attachments/1042563646309552199/1069978068405473330/Tumblr_l_63994152504649.gif
66,rhea,https://cdn.discordapp.com/attachments/1042563646309552199/1069977902940160000/Tumblr_l_63977672065280.gif
67,rhea,https://cdn.discordapp.com/attachments/1042563646309552199/1069977902470418504/Tumblr_l_63972890053719.gif
68,rhea,https://cdn.discordapp.com/attachments/1042563646309552199/1069977902063566858/Tumblr_l_63971324733303.gif
69,rhea,https://cdn.discordapp.com/attachments/1042563646309552199/1069977901623169075/Tumblr_l_63969802149554.gif
70,rhea,https://cdn.discordapp.com/attachments/1042563646309552199/1069977901199540264/Tumblr_l_63968261843044.gif
71,rhea,https://cdn.discordapp.com/attachments/1042563646309552199/1069977900713005088/Tumblr_l_63962601367161.gif
72,rhea,https://cdn.discordapp.com/attachments/1042563646309552199/1069977900083855461/Tumblr_l_63960599114089.gif
73,rhea,https://cdn.discordapp.com/attachments/1042563646309552199/1069977896162164787/Tumblr_l_63958308494246.gif
74,rhea,https://cdn.discordapp.com/attachments/1042563646309552199/1069977895721783336/Tumblr_l_63952454212321.gif
75,rhea,https://cdn.discordapp.com/attachments/1042563646309552199/1069977895319126017/Tumblr_l_63794607421860.gif
76,rhea,https://cdn.discordapp.com/attachments/1042563646309552199/1069974085771210803/Tumblr_l_63071991288282.gif
77,rhea,https://cdn.discordapp.com/attachments/1042563646309552199/1069974085276291122/Tumblr_l_63074733715104.gif
78,rhea,https://cdn.discordapp.com/attachments/1042563646309552199/1069974084517105734/Tumblr_l_63077448042915.gif
79,rhea,https://cdn.discordapp.com/attachments/1042563646309552199/1069974083950891078/Tumblr_l_63089052170984.gif
80,rhea,https://cdn.discordapp.com/attachments/1042563646309552199/1069973890371174500/Tumblr_l_63091420524576.gif
81,rhea,https://cdn.discordapp.com/attachments/1042563646309552199/1069973889502953542/Tumblr_l_63108394456601.gif
82,rhea,https://cdn.discordapp.com/attachments/1042563646309552199/1069973889125462107/Tumblr_l_63110561292850.gif
83,rhea,https://cdn.discordapp.com/attachments/1042563646309552199/1069973888756351006/Tumblr_l_63138229200861.gif
84,rhea,https://cdn.discordapp.com/attachments/1042563646309552199/1069973888420823162/Tumblr_l_63141889771901.gif
85,rhea,https://cdn.discordapp.com/attachments/1042563646309552199/1069973888009777232/Tumblr_l_63161910332779.gif
86,rhea,https://cdn.discordapp.com/attachments/1042563646309552199/1069973887145738241/Tumblr_l_63214077604686.gif
87,rhea,https://cdn.discordapp.com/attachments/1042563646309552199/1069973886176854047/Tumblr_l_63237191628427.gif
88,rhea,https://cdn.discordapp.com/attachments/1017431996894556181/1070380294915489924/Tumblr_l_156574232979489.gif